{"cameraMode":{"drawMode":0,"name":"Shaded","section":"Shading Mode"},"sceneLighting":true,"audioPlay":false,"sceneViewState":{"showFog":true,"showMaterialUpdate":false,"showSkybox":true,"showFlares":true,"showImageEffects":true,"showParticleSystems":true},"in2DMode":false,"pivot":{"x":19.924301147460939,"y":7.931024551391602,"z":-6.683523178100586},"rotation":{"x":-0.15251415967941285,"y":0.7892736196517944,"z":-0.21742679178714753,"w":-0.5536367297172546},"size":24.934242248535158,"orthographic":false}