{"cameraMode":{"drawMode":0,"name":"Shaded","section":"Shading Mode"},"sceneLighting":true,"audioPlay":false,"sceneViewState":{"showFog":true,"showMaterialUpdate":false,"showSkybox":true,"showFlares":true,"showImageEffects":true,"showParticleSystems":true},"in2DMode":false,"pivot":{"x":2.2753875255584719,"y":11.075347900390625,"z":-14.804004669189454},"rotation":{"x":0.22300653159618379,"y":-0.05845262110233307,"z":0.013397719711065293,"w":0.9729732275009155},"size":2.8769521713256838,"orthographic":false}